{
  "companies": [
      {
          "order": 1,
          "code": 123,
          "text": "Allianz Hayat Emeklilik",
          "isActive":true
      },
      {
          "order": 2,
          "code": 234,
          "text": "Allianz Yaşam Emeklilik",
          "isActive":true
      },
      {
          "order": 3,
          "code": 231,
          "text": "TEST",
          "isActive":false
      }
  ],

  "products": [
    {
        "order": 1,
        "code": 123,
        "text": "519",
        "isActive":true
    },
    {
        "order": 2,
        "code": 234,
        "text": "520",
        "isActive":true
    },
    {
        "order": 3,
        "code": 231,
        "text": "521",
        "isActive":true
    }
]
}